,orig_index,Bank Group,Bank Address,CAddr,RAddr
0,1,0,2,250,F73
1,2,0,2,250,F73
2,3,1,0,0,C58
3,5,0,2,250,F73
4,6,1,0,0,C58
5,7,0,2,250,F73
6,8,0,2,250,F73
7,9,1,0,0,C58
8,11,0,2,250,F73
9,12,1,0,0,C58
10,13,0,2,250,F73
11,14,0,2,250,F73
12,15,1,0,0,C58
13,17,0,2,250,F73
14,18,1,0,0,C58
15,19,0,2,250,F73
16,20,0,2,250,F73
17,21,1,0,0,C58
18,23,0,2,250,F73
19,24,1,0,0,C58
20,25,0,2,250,F73
21,26,0,2,250,F73
22,27,1,0,0,C58
23,29,0,2,250,F73
24,30,1,0,0,C58
25,31,0,2,250,F73
26,32,1,0,0,C58
27,34,0,2,250,F73
28,35,1,0,0,C58
29,36,0,2,250,F73
30,37,0,2,250,F73
31,38,1,0,0,C58
32,40,0,2,250,F73
33,41,1,0,0,C58
34,42,0,2,250,F73
35,43,0,2,250,F73
36,44,1,0,0,C58
37,46,0,2,250,F73
38,47,1,0,0,C58
39,48,0,2,250,F73
40,49,0,2,250,F73
41,50,1,0,0,C58
42,52,0,2,250,F73
43,53,1,0,0,C58
44,54,0,2,250,F73
45,55,0,2,250,F73
46,56,1,0,0,C58
47,58,0,2,250,F73
48,59,1,0,0,C58
49,60,0,2,250,F73
50,61,0,2,250,F73
51,62,1,0,0,C58
52,64,0,2,250,F73
53,65,1,0,0,C58
54,66,0,2,250,F73
55,67,0,2,250,F73
56,68,1,0,0,C58
57,70,0,2,250,F73
58,71,1,0,0,C58
59,72,0,2,250,F73
60,73,0,2,250,F73
61,74,1,0,0,C58
62,76,0,2,250,F73
63,77,1,0,0,C58
64,78,0,2,250,F73
65,79,0,2,250,F73
66,80,1,0,0,C58
67,82,0,2,250,F73
68,83,1,0,0,C58
69,84,0,2,250,F73
70,85,0,2,250,F73
71,86,1,0,0,C58
72,88,0,2,250,F73
73,89,1,0,0,C58
74,90,0,2,250,F73
75,91,0,2,250,F73
76,92,1,0,0,C58
77,94,0,2,250,F73
78,95,1,0,0,C58
79,96,0,2,250,F73
80,97,0,2,250,F73
81,98,1,0,0,C58
82,100,0,2,250,F73
83,101,1,0,0,C58
84,102,0,2,250,F73
85,103,0,2,250,F73
86,104,1,0,0,C58
87,106,0,2,250,F73
88,107,1,0,0,C58
89,108,0,2,250,F73
90,109,0,2,250,F73
91,110,1,0,0,C58
92,112,0,2,250,F73
93,113,1,0,0,C58
94,114,0,2,250,F73
95,115,0,2,250,F73
96,116,1,0,0,C58
97,118,0,2,250,F73
98,119,1,0,0,C58
99,120,0,2,250,F73
100,121,0,2,250,F73
101,122,1,0,0,C58
102,124,0,2,250,F73
103,125,1,0,0,C58
104,126,0,2,250,F73
105,127,0,2,250,F73
106,128,1,0,0,C58
107,130,0,2,250,F73
108,131,1,0,0,C58
109,132,0,2,250,F73
110,133,0,2,250,F73
111,134,1,0,0,C58
112,136,0,2,250,F73
113,137,1,0,0,C58
114,138,0,2,250,F73
115,139,0,2,250,F73
116,140,1,0,0,C58
117,142,0,2,250,F73
118,143,1,0,0,C58
119,144,0,2,250,F73
120,145,0,2,250,F73
121,146,1,0,0,C58
122,148,0,2,250,F73
123,149,1,0,0,C58
124,150,0,2,250,F73
125,151,0,2,250,F73
126,152,1,0,0,C58
127,154,0,2,250,F73
128,155,1,0,0,C58
129,156,0,2,250,F73
130,157,0,2,250,F73
131,158,1,0,0,C58
132,160,0,2,250,F73
133,161,1,0,0,C58
134,162,0,2,250,F73
135,163,0,2,250,F73
136,164,1,0,0,C58
137,166,0,2,250,F73
138,167,1,0,0,C58
139,168,0,2,250,F73
140,169,0,2,250,F73
141,170,1,0,0,C58
142,172,0,2,250,F73
143,173,1,0,0,C58
144,174,0,2,250,F73
145,175,0,2,250,F73
146,176,1,0,0,C58
147,178,0,2,250,F73
148,179,1,0,0,C58
149,180,0,2,250,F73
150,181,0,2,250,F73
151,182,1,0,0,C58
152,184,0,2,250,F73
153,185,1,0,0,C58
154,186,0,2,250,F73
155,187,0,2,250,F73
156,188,1,0,0,C58
157,190,0,2,250,F73
158,191,1,0,0,C58
159,192,0,2,250,F73
160,193,0,2,250,F73
161,194,1,0,0,C58
162,196,0,2,250,F73
163,197,1,0,0,C58
164,198,0,2,250,F73
165,199,0,2,250,F73
166,200,1,0,0,C58
167,202,0,2,250,F73
168,203,1,0,0,C58
169,204,0,2,250,F73
170,205,0,2,250,F73
171,206,1,0,0,C58
172,208,0,2,250,F73
173,209,1,0,0,C58
174,210,0,2,250,F73
175,211,0,2,250,F73
176,212,1,0,0,C58
177,214,0,2,250,F73
178,215,1,0,0,C58
179,216,0,2,250,F73
180,217,0,2,250,F73
181,218,1,0,0,C58
182,220,0,2,250,F73
183,221,1,0,0,C58
184,222,0,2,250,F73
185,223,0,2,250,F73
186,224,1,0,0,C58
187,226,0,2,250,F73
188,227,1,0,0,C58
189,228,0,2,250,F73
190,229,0,2,250,F73
191,230,1,0,0,C58
192,232,0,2,250,F73
193,233,1,0,0,C58
194,234,0,2,250,F73
195,235,0,2,250,F73
196,236,1,0,0,C58
197,238,0,2,250,F73
198,239,1,0,0,C58
199,240,0,2,250,F73
200,241,0,2,250,F73
201,242,1,0,0,C58
202,244,0,2,250,F73
203,245,1,0,0,C58
204,246,0,2,250,F73
205,247,0,2,250,F73
206,248,1,0,0,C58
207,250,0,2,250,F73
208,251,1,0,0,C58
209,252,0,2,250,F73
210,253,0,2,250,F73
211,254,1,0,0,C58
212,256,0,2,250,F73
213,257,1,0,0,C58
214,258,0,2,250,F73
215,259,0,2,250,F73
216,260,1,0,0,C58
217,262,0,2,250,F73
218,263,1,0,0,C58
219,264,0,2,250,F73
220,265,0,2,250,F73
221,266,1,0,0,C58
222,268,0,2,250,F73
223,269,1,0,0,C58
224,270,0,2,250,F73
225,271,0,2,250,F73
226,272,1,0,0,C58
227,274,0,2,250,F73
228,275,1,0,0,C58
229,276,0,2,250,F73
230,277,0,2,250,F73
231,278,1,0,0,C58
232,280,0,2,250,F73
233,281,1,0,0,C58
234,282,0,2,250,F73
235,283,0,2,250,F73
236,284,1,0,0,C58
237,286,0,2,250,F73
238,287,1,0,0,C58
239,288,0,2,250,F73
240,289,0,2,250,F73
241,290,1,0,0,C58
242,292,0,2,250,F73
243,293,1,0,0,C58
244,294,0,2,250,F73
245,295,0,2,250,F73
246,296,1,0,0,C58
247,298,0,2,250,F73
248,299,1,0,0,C58
249,300,0,2,250,F73
250,301,0,2,250,F73
251,302,1,0,0,C58
252,304,0,2,250,F73
253,305,1,0,0,C58
254,306,0,2,250,F73
255,307,0,2,250,F73
256,308,1,0,0,C58
257,310,0,2,250,F73
258,311,1,0,0,C58
259,312,0,2,250,F73
260,313,0,2,250,F73
261,314,1,0,0,C58
262,316,0,2,250,F73
263,317,1,0,0,C58
264,318,0,2,250,F73
265,319,0,2,250,F73
266,320,1,0,0,C58
267,322,0,2,250,F73
268,323,1,0,0,C58
269,324,0,2,250,F73
270,325,0,2,250,F73
271,326,1,0,0,C58
272,328,0,2,250,F73
273,329,1,0,0,C58
274,330,0,2,250,F73
275,331,0,2,250,F73
276,332,1,0,0,C58
277,334,0,2,250,F73
278,335,1,0,0,C58
279,336,0,2,250,F73
280,337,0,2,250,F73
281,338,1,0,0,C58
282,340,0,2,250,F73
283,341,1,0,0,C58
284,342,0,2,250,F73
285,343,0,2,250,F73
286,344,1,0,0,C58
287,346,0,2,250,F73
288,347,1,0,0,C58
289,348,0,2,250,F73
290,349,0,2,250,F73
291,350,1,0,0,C58
292,352,0,2,250,F73
293,353,1,0,0,C58
294,354,0,2,250,F73
295,355,0,2,250,F73
296,356,1,0,0,C58
297,358,0,2,250,F73
298,359,1,0,0,C58
299,360,0,2,250,F73
300,361,0,2,250,F73
301,362,1,0,0,C58
302,364,0,2,250,F73
303,365,1,0,0,C58
304,366,0,2,250,F73
305,367,0,2,250,F73
306,368,1,0,0,C58
307,370,0,2,250,F73
308,371,1,0,0,C58
309,372,0,2,250,F73
310,373,0,2,250,F73
311,374,1,0,0,C58
312,376,0,2,250,F73
313,377,1,0,0,C58
314,378,0,2,250,F73
315,379,0,2,250,F73
316,380,1,0,0,C58
317,382,0,2,250,F73
318,383,1,0,0,C58
319,384,0,2,250,F73
320,385,0,2,250,F73
321,386,1,0,0,C58
322,388,0,2,250,F73
323,389,1,0,0,C58
324,390,0,2,250,F73
325,391,1,0,0,C58
326,393,0,2,250,F73
327,394,1,0,0,C58
328,395,0,2,250,F73
329,396,0,2,250,F73
330,397,1,0,0,C58
331,399,0,2,250,F73
332,400,1,0,0,C58
333,401,0,2,250,F73
334,402,0,2,250,F73
335,403,1,0,0,C58
336,405,0,2,250,F73
337,406,1,0,0,C58
338,407,0,2,250,F73
339,408,0,2,250,F73
340,409,1,0,0,C58
341,411,0,2,250,F73
342,412,1,0,0,C58
343,413,0,2,250,F73
344,414,0,2,250,F73
345,415,1,0,0,C58
346,417,0,2,250,F73
347,418,1,0,0,C58
348,419,0,2,250,F73
349,420,0,2,250,F73
350,421,1,0,0,C58
351,423,0,2,250,F73
352,424,1,0,0,C58
353,425,0,2,250,F73
354,426,0,2,250,F73
355,427,1,0,0,C58
356,429,0,2,250,F73
357,430,1,0,0,C58
358,431,0,2,250,F73
359,432,0,2,250,F73
360,433,1,0,0,C58
361,435,0,2,250,F73
362,436,1,0,0,C58
363,437,0,2,250,F73
364,438,0,2,250,F73
365,439,1,0,0,C58
366,441,0,2,250,F73
367,442,1,0,0,C58
368,443,0,2,250,F73
369,444,0,2,250,F73
370,445,1,0,0,C58
371,447,0,2,250,F73
372,448,1,0,0,C58
373,449,0,2,250,F73
374,450,0,2,250,F73
375,451,1,0,0,C58
376,453,0,2,250,F73
377,454,1,0,0,C58
378,455,0,2,250,F73
379,456,0,2,250,F73
380,457,1,0,0,C58
381,459,0,2,250,F73
382,460,1,0,0,C58
383,461,0,2,250,F73
384,462,0,2,250,F73
385,463,1,0,0,C58
386,465,0,2,250,F73
387,466,1,0,0,C58
388,467,0,2,250,F73
389,468,0,2,250,F73
390,469,1,0,0,C58
391,471,0,2,250,F73
392,472,1,0,0,C58
393,473,0,2,250,F73
394,474,0,2,250,F73
395,475,1,0,0,C58
396,477,0,2,250,F73
397,478,1,0,0,C58
398,479,0,2,250,F73
399,480,0,2,250,F73
400,481,1,0,0,C58
401,483,0,2,250,F73
402,484,1,0,0,C58
403,485,0,2,250,F73
404,486,0,2,250,F73
405,487,1,0,0,C58
406,489,0,2,250,F73
407,490,1,0,0,C58
408,491,0,2,250,F73
409,492,0,2,250,F73
410,493,1,0,0,C58
411,495,0,2,250,F73
412,496,1,0,0,C58
413,497,0,2,250,F73
414,498,0,2,250,F73
415,499,1,0,0,C58
416,501,0,2,250,F73
417,502,1,0,0,C58
418,503,0,2,250,F73
419,504,0,2,250,F73
420,505,1,0,0,C58
421,507,0,2,250,F73
422,508,1,0,0,C58
423,509,0,2,250,F73
424,510,0,2,250,F73
425,511,1,0,0,C58
426,513,0,2,250,F73
427,514,1,0,0,C58
428,515,0,2,250,F73
429,516,0,2,250,F73
430,517,1,0,0,C58
431,519,0,2,250,F73
432,520,1,0,0,C58
433,521,0,2,250,F73
434,522,0,2,250,F73
435,523,1,0,0,C58
436,525,0,2,250,F73
437,526,1,0,0,C58
438,527,0,2,250,F73
439,528,0,2,250,F73
440,529,1,0,0,C58
441,531,0,2,250,F73
442,532,1,0,0,C58
443,533,0,2,250,F73
444,534,0,2,250,F73
445,535,1,0,0,C58
446,537,0,2,250,F73
447,538,1,0,0,C58
448,539,0,2,250,F73
449,540,0,2,250,F73
450,541,1,0,0,C58
451,543,0,2,250,F73
452,544,1,0,0,C58
453,545,0,2,250,F73
454,546,0,2,250,F73
455,547,1,0,0,C58
456,549,0,2,250,F73
457,550,1,0,0,C58
458,551,0,2,250,F73
459,552,0,2,250,F73
460,553,1,0,0,C58
461,555,0,2,250,F73
462,556,1,0,0,C58
463,557,0,2,250,F73
464,558,0,2,250,F73
465,559,1,0,0,C58
466,561,0,2,250,F73
467,562,1,0,0,C58
468,563,0,2,250,F73
469,564,0,2,250,F73
470,565,1,0,0,C58
471,567,0,2,250,F73
472,568,1,0,0,C58
473,569,0,2,250,F73
474,570,0,2,250,F73
475,571,1,0,0,C58
476,573,0,2,250,F73
477,574,1,0,0,C58
478,575,0,2,250,F73
479,576,0,2,250,F73
480,577,1,0,0,C58
481,579,0,2,250,F73
482,580,1,0,0,C58
483,581,0,2,250,F73
484,582,0,2,250,F73
485,583,1,0,0,C58
486,585,0,2,250,F73
487,586,1,0,0,C58
488,587,0,2,250,F73
489,588,0,2,250,F73
490,589,1,0,0,C58
491,591,0,2,250,F73
492,592,1,0,0,C58
493,593,0,2,250,F73
494,594,0,2,250,F73
495,595,1,0,0,C58
496,597,0,2,250,F73
497,598,1,0,0,C58
498,599,0,2,250,F73
499,600,0,2,250,F73
500,601,1,0,0,C58
501,603,0,2,250,F73
502,604,1,0,0,C58
503,605,0,2,250,F73
504,606,0,2,250,F73
505,607,1,0,0,C58
506,609,0,2,250,F73
507,610,1,0,0,C58
508,611,0,2,250,F73
509,612,0,2,250,F73
510,613,1,0,0,C58
511,615,0,2,250,F73
512,616,1,0,0,C58
513,617,0,2,250,F73
514,618,0,2,250,F73
515,619,1,0,0,C58
516,621,0,2,250,F73
517,622,1,0,0,C58
518,623,0,2,250,F73
519,624,0,2,250,F73
520,625,1,0,0,C58
521,627,0,2,250,F73
522,628,1,0,0,C58
523,629,0,2,250,F73
524,630,0,2,250,F73
525,631,1,0,0,C58
526,633,0,2,250,F73
527,634,1,0,0,C58
528,635,0,2,250,F73
529,636,0,2,250,F73
530,637,1,0,0,C58
531,639,0,2,250,F73
532,640,1,0,0,C58
533,641,0,2,250,F73
534,642,0,2,250,F73
535,643,1,0,0,C58
536,645,0,2,250,F73
537,646,1,0,0,C58
538,647,0,2,250,F73
539,648,0,2,250,F73
540,649,1,0,0,C58
541,651,0,2,250,F73
542,652,1,0,0,C58
543,653,0,2,250,F73
544,654,0,2,250,F73
545,655,1,0,0,C58
546,657,0,2,250,F73
547,658,1,0,0,C58
548,659,0,2,250,F73
549,660,0,2,250,F73
550,661,1,0,0,C58
551,663,0,2,250,F73
552,664,1,0,0,C58
553,665,0,2,250,F73
554,666,0,2,250,F73
555,667,1,0,0,C58
556,669,0,2,250,F73
557,670,1,0,0,C58
558,671,0,2,250,F73
559,672,0,2,250,F73
560,673,1,0,0,C58
561,675,0,2,250,F73
562,676,1,0,0,C58
563,677,0,2,250,F73
564,678,0,2,250,F73
565,679,1,0,0,C58
566,681,0,2,250,F73
567,682,1,0,0,C58
568,683,0,2,250,F73
569,684,0,2,250,F73
570,685,1,0,0,C58
571,687,0,2,250,F73
572,688,1,0,0,C58
573,689,0,2,250,F73
574,690,0,2,250,F73
575,691,1,0,0,C58
576,693,0,2,250,F73
577,694,1,0,0,C58
578,695,0,2,250,F73
579,696,0,2,250,F73
580,697,1,0,0,C58
581,699,0,2,250,F73
582,700,1,0,0,C58
583,701,0,2,250,F73
584,702,0,2,250,F73
585,703,1,0,0,C58
586,705,0,2,250,F73
587,706,1,0,0,C58
588,707,0,2,250,F73
589,708,0,2,250,F73
590,709,1,0,0,C58
591,711,0,2,250,F73
592,712,1,0,0,C58
593,713,0,2,250,F73
594,714,0,2,250,F73
595,715,1,0,0,C58
596,717,0,2,250,F73
597,718,1,0,0,C58
598,719,0,2,250,F73
599,720,0,2,250,F73
600,721,1,0,0,C58
601,723,0,2,250,F73
602,724,1,0,0,C58
603,725,0,2,250,F73
604,726,0,2,250,F73
605,727,1,0,0,C58
606,729,0,2,250,F73
607,730,1,0,0,C58
608,731,0,2,250,F73
609,732,0,2,250,F73
610,733,1,0,0,C58
611,735,0,2,250,F73
612,736,1,0,0,C58
613,737,0,2,250,F73
614,738,0,2,250,F73
615,739,1,0,0,C58
616,741,0,2,250,F73
617,742,1,0,0,C58
618,743,0,2,250,F73
619,744,0,2,250,F73
620,745,1,0,0,C58
621,747,0,2,250,F73
622,748,1,0,0,C58
623,749,0,2,250,F73
624,750,0,2,250,F73
625,751,1,0,0,C58
626,753,0,2,250,F73
627,754,1,0,0,C58
628,755,0,2,250,F73
629,756,0,2,250,F73
630,757,1,0,0,C58
631,759,0,2,250,F73
632,760,1,0,0,C58
633,761,0,2,250,F73
634,762,0,2,250,F73
635,763,1,0,0,C58
636,765,0,2,250,F73
637,766,1,0,0,C58
638,767,0,2,250,F73
639,768,0,2,250,F73
640,769,1,0,0,C58
641,771,0,2,250,F73
642,772,1,0,0,C58
643,773,0,2,250,F73
644,774,0,2,250,F73
645,775,1,0,0,C58
646,777,0,2,250,F73
647,778,1,0,0,C58
648,779,0,2,250,F73
649,780,0,2,250,F73
650,781,1,0,0,C58
651,783,0,2,250,F73
652,784,1,0,0,C58
653,785,0,2,250,F73
654,786,0,2,250,F73
655,787,1,0,0,C58
656,789,0,2,250,F73
657,790,1,0,0,C58
658,791,0,2,250,F73
659,792,0,2,250,F73
660,793,1,0,0,C58
661,795,0,2,250,F73
662,796,1,0,0,C58
663,797,0,2,250,F73
664,798,0,2,250,F73
665,799,1,0,0,C58
666,801,0,2,250,F73
667,802,1,0,0,C58
668,803,0,2,250,F73
669,804,0,2,250,F73
670,805,1,0,0,C58
671,807,0,2,250,F73
672,808,1,0,0,C58
673,809,0,2,250,F73
674,810,0,2,250,F73
675,811,1,0,0,C58
676,813,0,2,250,F73
677,814,1,0,0,C58
678,815,0,2,250,F73
679,816,1,0,0,C58
680,818,0,2,250,F73
681,819,1,0,0,C58
682,820,0,2,250,F73
683,821,0,2,250,F73
684,822,1,0,0,C58
685,824,0,2,250,F73
686,825,1,0,0,C58
687,826,0,2,250,F73
688,827,0,2,250,F73
689,828,1,0,0,C58
690,830,0,2,250,F73
691,831,1,0,0,C58
692,832,0,2,250,F73
693,833,0,2,250,F73
694,834,1,0,0,C58
695,836,0,2,250,F73
696,837,1,0,0,C58
697,838,0,2,250,F73
698,839,0,2,250,F73
699,840,1,0,0,C58
700,842,0,2,250,F73
701,843,1,0,0,C58
702,844,0,2,250,F73
703,845,0,2,250,F73
704,846,1,0,0,C58
705,848,0,2,250,F73
706,849,1,0,0,C58
707,850,0,2,250,F73
708,851,0,2,250,F73
709,852,1,0,0,C58
710,854,0,2,250,F73
711,855,1,0,0,C58
712,856,0,2,250,F73
713,857,0,2,250,F73
714,858,1,0,0,C58
715,860,0,2,250,F73
716,861,1,0,0,C58
717,862,0,2,250,F73
718,863,0,2,250,F73
719,864,1,0,0,C58
720,866,0,2,250,F73
721,867,1,0,0,C58
722,868,0,2,250,F73
723,869,0,2,250,F73
724,870,1,0,0,C58
725,872,0,2,250,F73
726,873,1,0,0,C58
727,874,0,2,250,F73
728,875,0,2,250,F73
729,876,1,0,0,C58
730,878,0,2,250,F73
731,879,1,0,0,C58
732,880,0,2,250,F73
733,881,0,2,250,F73
734,882,1,0,0,C58
735,884,0,2,250,F73
736,885,1,0,0,C58
737,886,0,2,250,F73
738,887,0,2,250,F73
739,888,1,0,0,C58
740,890,0,2,250,F73
741,891,1,0,0,C58
742,892,0,2,250,F73
743,893,0,2,250,F73
744,894,1,0,0,C58
745,896,0,2,250,F73
746,897,1,0,0,C58
747,898,0,2,250,F73
748,899,0,2,250,F73
749,900,1,0,0,C58
750,902,0,2,250,F73
751,903,1,0,0,C58
752,904,0,2,250,F73
753,905,0,2,250,F73
754,906,1,0,0,C58
755,908,0,2,250,F73
756,909,1,0,0,C58
757,910,0,2,250,F73
758,911,0,2,250,F73
759,912,1,0,0,C58
760,914,0,2,250,F73
761,915,1,0,0,C58
762,916,0,2,250,F73
763,917,0,2,250,F73
764,918,1,0,0,C58
765,920,0,2,250,F73
766,921,1,0,0,C58
767,922,0,2,250,F73
768,923,0,2,250,F73
769,924,1,0,0,C58
770,926,0,2,250,F73
771,927,1,0,0,C58
772,928,0,2,250,F73
773,929,0,2,250,F73
774,930,1,0,0,C58
775,932,0,2,250,F73
776,933,1,0,0,C58
777,934,0,2,250,F73
778,935,0,2,250,F73
779,936,1,0,0,C58
780,938,0,2,250,F73
781,939,1,0,0,C58
782,940,0,2,250,F73
783,941,0,2,250,F73
784,942,1,0,0,C58
785,944,0,2,250,F73
786,945,1,0,0,C58
787,946,0,2,250,F73
788,947,0,2,250,F73
789,948,1,0,0,C58
790,950,0,2,250,F73
791,951,1,0,0,C58
792,952,0,2,250,F73
793,953,0,2,250,F73
794,954,1,0,0,C58
795,956,0,2,250,F73
796,957,1,0,0,C58
797,958,0,2,250,F73
798,959,0,2,250,F73
799,960,1,0,0,C58
800,962,0,2,250,F73
801,963,1,0,0,C58
802,964,0,2,250,F73
803,965,0,2,250,F73
804,966,1,0,0,C58
805,968,0,2,250,F73
806,969,1,0,0,C58
807,970,0,2,250,F73
808,971,0,2,250,F73
809,972,1,0,0,C58
810,974,0,2,250,F73
811,975,1,0,0,C58
812,976,0,2,250,F73
813,977,0,2,250,F73
814,978,1,0,0,C58
815,980,0,2,250,F73
816,981,1,0,0,C58
817,982,0,2,250,F73
818,983,0,2,250,F73
819,984,1,0,0,C58
820,986,0,2,250,F73
821,987,1,0,0,C58
822,988,0,2,250,F73
823,989,0,2,250,F73
824,990,1,0,0,C58
825,992,0,2,250,F73
826,993,1,0,0,C58
827,994,0,2,250,F73
828,995,0,2,250,F73
829,996,1,0,0,C58
830,998,0,2,250,F73
831,999,1,0,0,C58
832,1000,0,2,250,F73
833,1001,0,2,250,F73
834,1002,1,0,0,C58
835,1004,0,2,250,F73
836,1005,1,0,0,C58
837,1006,0,2,250,F73
838,1007,0,2,250,F73
839,1008,1,0,0,C58
840,1010,0,2,250,F73
841,1011,1,0,0,C58
842,1012,0,2,250,F73
843,1013,0,2,250,F73
844,1014,1,0,0,C58
845,1016,0,2,250,F73
846,1017,1,0,0,C58
847,1018,0,2,250,F73
848,1019,0,2,250,F73
849,1020,1,0,0,C58
850,1022,0,2,250,F73
851,1023,1,0,0,C58
852,1024,0,2,250,F73
853,1025,0,2,250,F73
854,1026,1,0,0,C58
855,1028,0,2,250,F73
856,1029,1,0,0,C58
857,1030,0,2,250,F73
858,1031,0,2,250,F73
859,1032,1,0,0,C58
860,1034,0,2,250,F73
861,1035,1,0,0,C58
862,1036,0,2,250,F73
863,1037,0,2,250,F73
864,1038,1,0,0,C58
865,1040,0,2,250,F73
866,1041,1,0,0,C58
867,1042,0,2,250,F73
868,1043,0,2,250,F73
869,1044,1,0,0,C58
870,1046,0,2,250,F73
871,1047,1,0,0,C58
872,1048,0,2,250,F73
873,1049,0,2,250,F73
874,1050,1,0,0,C58
875,1052,0,2,250,F73
876,1053,1,0,0,C58
877,1054,0,2,250,F73
878,1055,0,2,250,F73
879,1056,1,0,0,C58
880,1058,0,2,250,F73
881,1059,1,0,0,C58
882,1060,0,2,250,F73
883,1061,0,2,250,F73
884,1062,1,0,0,C58
885,1064,0,2,250,F73
886,1065,1,0,0,C58
887,1066,0,2,250,F73
888,1067,0,2,250,F73
889,1068,1,0,0,C58
890,1070,0,2,250,F73
891,1071,1,0,0,C58
892,1072,0,2,250,F73
893,1073,0,2,250,F73
894,1074,1,0,0,C58
895,1076,0,2,250,F73
896,1077,1,0,0,C58
897,1078,0,2,250,F73
898,1079,0,2,250,F73
899,1080,1,0,0,C58
900,1082,0,2,250,F73
901,1083,1,0,0,C58
902,1084,0,2,250,F73
903,1085,0,2,250,F73
904,1086,1,0,0,C58
905,1088,0,2,250,F73
906,1089,1,0,0,C58
907,1090,0,2,250,F73
908,1091,0,2,250,F73
909,1092,1,0,0,C58
910,1094,0,2,250,F73
911,1095,1,0,0,C58
912,1096,0,2,250,F73
913,1097,0,2,250,F73
914,1098,1,0,0,C58
915,1100,0,2,250,F73
916,1101,1,0,0,C58
917,1102,0,2,250,F73
918,1103,0,2,250,F73
919,1104,1,0,0,C58
920,1106,0,2,250,F73
921,1107,1,0,0,C58
922,1108,0,2,250,F73
923,1109,0,2,250,F73
924,1110,1,0,0,C58
925,1112,0,2,250,F73
926,1113,1,0,0,C58
927,1114,0,2,250,F73
928,1115,0,2,250,F73
929,1116,1,0,0,C58
930,1118,0,2,250,F73
931,1119,1,0,0,C58
932,1120,0,2,250,F73
933,1121,0,2,250,F73
934,1122,1,0,0,C58
935,1124,0,2,250,F73
936,1125,1,0,0,C58
937,1126,0,2,250,F73
938,1127,0,2,250,F73
939,1128,1,0,0,C58
940,1130,0,2,250,F73
941,1131,1,0,0,C58
942,1132,0,2,250,F73
943,1133,0,2,250,F73
944,1134,1,0,0,C58
945,1136,0,2,250,F73
946,1137,1,0,0,C58
947,1138,0,2,250,F73
948,1139,0,2,250,F73
949,1140,1,0,0,C58
950,1142,0,2,250,F73
951,1143,1,0,0,C58
952,1144,0,2,250,F73
953,1145,0,2,250,F73
954,1146,1,0,0,C58
955,1148,0,2,250,F73
956,1149,1,0,0,C58
957,1150,0,2,250,F73
958,1151,0,2,250,F73
959,1152,1,0,0,C58
960,1154,0,2,250,F73
961,1155,1,0,0,C58
962,1156,0,2,250,F73
963,1157,0,2,250,F73
964,1158,1,0,0,C58
965,1160,0,2,250,F73
966,1161,1,0,0,C58
967,1162,0,2,250,F73
968,1163,0,2,250,F73
969,1164,1,0,0,C58
970,1166,0,2,250,F73
971,1167,1,0,0,C58
972,1168,0,2,250,F73
973,1169,0,2,250,F73
974,1170,1,0,0,C58
975,1172,0,2,250,F73
976,1173,1,0,0,C58
977,1174,0,2,250,F73
978,1175,0,2,250,F73
979,1176,1,0,0,C58
980,1178,0,2,250,F73
981,1179,1,0,0,C58
982,1180,0,2,250,F73
983,1181,0,2,250,F73
984,1182,1,0,0,C58
985,1184,0,2,250,F73
986,1185,1,0,0,C58
987,1186,0,2,250,F73
988,1187,0,2,250,F73
989,1188,1,0,0,C58
990,1190,0,2,250,F73
991,1191,1,0,0,C58
992,1192,0,2,250,F73
993,1193,0,2,250,F73
994,1194,1,0,0,C58
995,1196,0,2,250,F73
996,1197,1,0,0,C58
997,1198,0,2,250,F73
998,1199,0,2,250,F73
999,1200,1,0,0,C58
1000,1202,0,2,250,F73
1001,1203,1,0,0,C58
1002,1204,0,2,250,F73
1003,1205,0,2,250,F73
1004,1206,1,0,0,C58
1005,1208,0,2,250,F73
1006,1209,1,0,0,C58
1007,1210,0,2,250,F73
1008,1211,0,2,250,F73
1009,1212,1,0,0,C58
1010,1214,0,2,250,F73
1011,1215,1,0,0,C58
1012,1216,0,2,250,F73
1013,1217,0,2,250,F73
1014,1218,1,0,0,C58
1015,1220,0,2,250,F73
1016,1221,1,0,0,C58
1017,1222,0,2,250,F73
1018,1223,0,2,250,F73
1019,1224,1,0,0,C58
1020,1226,0,2,250,F73
1021,1227,1,0,0,C58
1022,1228,0,2,250,F73
1023,1229,0,2,250,F73
1024,1230,1,0,0,C58
1025,1232,0,2,250,F73
1026,1233,1,0,0,C58
1027,1234,0,2,250,F73
1028,1235,0,2,250,F73
1029,1236,1,0,0,C58
1030,1238,0,2,250,F73
1031,1239,1,0,0,C58
1032,1240,0,2,250,F73
1033,1241,1,0,0,C58
1034,1243,0,2,250,F73
1035,1244,1,0,0,C58
1036,1245,0,2,250,F73
1037,1246,0,2,250,F73
1038,1247,1,0,0,C58
1039,1249,0,2,250,F73
1040,1250,1,0,0,C58
1041,1251,0,2,250,F73
1042,1252,0,2,250,F73
1043,1253,1,0,0,C58
1044,1255,0,2,250,F73
1045,1256,1,0,0,C58
1046,1257,0,2,250,F73
1047,1258,0,2,250,F73
1048,1259,1,0,0,C58
1049,1261,0,2,250,F73
1050,1262,1,0,0,C58
1051,1263,0,2,250,F73
1052,1264,0,2,250,F73
1053,1265,1,0,0,C58
1054,1267,0,2,250,F73
1055,1268,1,0,0,C58
1056,1269,0,2,250,F73
1057,1270,0,2,250,F73
1058,1271,1,0,0,C58
1059,1273,0,2,250,F73
1060,1274,1,0,0,C58
1061,1275,0,2,250,F73
1062,1276,0,2,250,F73
1063,1277,1,0,0,C58
1064,1279,0,2,250,F73
1065,1280,1,0,0,C58
1066,1281,0,2,250,F73
1067,1282,0,2,250,F73
1068,1283,1,0,0,C58
1069,1285,0,2,250,F73
1070,1286,1,0,0,C58
1071,1287,0,2,250,F73
1072,1288,0,2,250,F73
1073,1289,1,0,0,C58
1074,1291,0,2,250,F73
1075,1292,1,0,0,C58
1076,1293,0,2,250,F73
1077,1294,0,2,250,F73
1078,1295,1,0,0,C58
1079,1297,0,2,250,F73
1080,1298,1,0,0,C58
1081,1299,0,2,250,F73
1082,1300,0,2,250,F73
1083,1301,1,0,0,C58
1084,1303,0,2,250,F73
1085,1304,1,0,0,C58
1086,1305,0,2,250,F73
1087,1306,0,2,250,F73
1088,1307,1,0,0,C58
1089,1309,0,2,250,F73
1090,1310,1,0,0,C58
1091,1311,0,2,250,F73
1092,1312,0,2,250,F73
1093,1313,1,0,0,C58
1094,1315,0,2,250,F73
1095,1316,1,0,0,C58
1096,1317,0,2,250,F73
1097,1318,0,2,250,F73
1098,1319,1,0,0,C58
1099,1321,0,2,250,F73
1100,1322,1,0,0,C58
1101,1323,0,2,250,F73
1102,1324,0,2,250,F73
1103,1325,1,0,0,C58
1104,1327,0,2,250,F73
1105,1328,1,0,0,C58
1106,1329,0,2,250,F73
1107,1330,0,2,250,F73
1108,1331,1,0,0,C58
1109,1333,0,2,250,F73
1110,1334,1,0,0,C58
1111,1335,0,2,250,F73
1112,1336,0,2,250,F73
1113,1337,1,0,0,C58
1114,1339,0,2,250,F73
1115,1340,1,0,0,C58
1116,1341,0,2,250,F73
1117,1342,0,2,250,F73
1118,1343,1,0,0,C58
1119,1345,0,2,250,F73
1120,1346,1,0,0,C58
1121,1347,0,2,250,F73
1122,1348,0,2,250,F73
1123,1349,1,0,0,C58
1124,1351,0,2,250,F73
1125,1352,1,0,0,C58
1126,1353,0,2,250,F73
1127,1354,0,2,250,F73
1128,1355,1,0,0,C58
1129,1357,0,2,250,F73
1130,1358,1,0,0,C58
1131,1359,0,2,250,F73
1132,1360,0,2,250,F73
1133,1361,1,0,0,C58
1134,1363,0,2,250,F73
1135,1364,1,0,0,C58
1136,1365,0,2,250,F73
1137,1366,0,2,250,F73
1138,1367,1,0,0,C58
1139,1369,0,2,250,F73
1140,1370,1,0,0,C58
1141,1371,0,2,250,F73
1142,1372,0,2,250,F73
1143,1373,1,0,0,C58
1144,1375,0,2,250,F73
1145,1376,1,0,0,C58
1146,1377,0,2,250,F73
1147,1378,0,2,250,F73
1148,1379,1,0,0,C58
1149,1381,0,2,250,F73
1150,1382,1,0,0,C58
1151,1383,0,2,250,F73
1152,1384,0,2,250,F73
1153,1385,1,0,0,C58
1154,1387,0,2,250,F73
1155,1388,1,0,0,C58
1156,1389,0,2,250,F73
1157,1390,0,2,250,F73
1158,1391,1,0,0,C58
1159,1393,0,2,250,F73
1160,1394,1,0,0,C58
1161,1395,0,2,250,F73
1162,1396,0,2,250,F73
1163,1397,1,0,0,C58
1164,1399,0,2,250,F73
1165,1400,1,0,0,C58
1166,1401,0,2,250,F73
1167,1402,0,2,250,F73
1168,1403,1,0,0,C58
1169,1405,0,2,250,F73
1170,1406,1,0,0,C58
1171,1407,0,2,250,F73
1172,1408,0,2,250,F73
1173,1409,1,0,0,C58
1174,1411,0,2,250,F73
1175,1412,1,0,0,C58
1176,1413,0,2,250,F73
1177,1414,0,2,250,F73
1178,1415,1,0,0,C58
1179,1417,0,2,250,F73
1180,1418,1,0,0,C58
1181,1419,0,2,250,F73
1182,1420,0,2,250,F73
1183,1421,1,0,0,C58
1184,1423,0,2,250,F73
1185,1424,1,0,0,C58
1186,1425,0,2,250,F73
1187,1426,0,2,250,F73
1188,1427,1,0,0,C58
1189,1429,0,2,250,F73
1190,1430,1,0,0,C58
1191,1431,0,2,250,F73
1192,1432,0,2,250,F73
1193,1433,1,0,0,C58
1194,1435,0,2,250,F73
1195,1436,1,0,0,C58
1196,1437,0,2,250,F73
1197,1438,0,2,250,F73
1198,1439,1,0,0,C58
1199,1441,0,2,250,F73
1200,1442,1,0,0,C58
1201,1443,0,2,250,F73
1202,1444,0,2,250,F73
1203,1445,1,0,0,C58
1204,1447,0,2,250,F73
1205,1448,1,0,0,C58
1206,1449,0,2,250,F73
1207,1450,0,2,250,F73
1208,1451,1,0,0,C58
1209,1453,0,2,250,F73
1210,1454,1,0,0,C58
1211,1455,0,2,250,F73
1212,1456,0,2,250,F73
1213,1457,1,0,0,C58
1214,1459,0,2,250,F73
1215,1460,1,0,0,C58
1216,1461,0,2,250,F73
1217,1462,0,2,250,F73
1218,1463,1,0,0,C58
1219,1465,0,2,250,F73
1220,1466,1,0,0,C58
1221,1467,0,2,250,F73
1222,1468,0,2,250,F73
1223,1469,1,0,0,C58
1224,1471,0,2,250,F73
1225,1472,1,0,0,C58
1226,1473,0,2,250,F73
1227,1474,0,2,250,F73
1228,1475,1,0,0,C58
1229,1477,0,2,250,F73
1230,1478,1,0,0,C58
1231,1479,0,2,250,F73
1232,1480,0,2,250,F73
1233,1481,1,0,0,C58
1234,1483,0,2,250,F73
1235,1484,1,0,0,C58
1236,1485,0,2,250,F73
1237,1486,0,2,250,F73
1238,1487,1,0,0,C58
1239,1489,0,2,250,F73
1240,1490,1,0,0,C58
1241,1491,0,2,250,F73
1242,1492,0,2,250,F73
1243,1493,1,0,0,C58
1244,1495,0,2,250,F73
1245,1496,1,0,0,C58
1246,1497,0,2,250,F73
1247,1498,0,2,250,F73
1248,1499,1,0,0,C58
1249,1501,0,2,250,F73
1250,1502,1,0,0,C58
1251,1503,0,2,250,F73
1252,1504,0,2,250,F73
1253,1505,1,0,0,C58
1254,1507,0,2,250,F73
1255,1508,1,0,0,C58
1256,1509,0,2,250,F73
1257,1510,0,2,250,F73
1258,1511,1,0,0,C58
1259,1513,0,2,250,F73
1260,1514,1,0,0,C58
1261,1515,0,2,250,F73
1262,1516,0,2,250,F73
1263,1517,1,0,0,C58
1264,1519,0,2,250,F73
1265,1520,1,0,0,C58
1266,1521,0,2,250,F73
1267,1522,0,2,250,F73
1268,1523,1,0,0,C58
1269,1525,0,2,250,F73
1270,1526,1,0,0,C58
1271,1527,0,2,250,F73
1272,1528,0,2,250,F73
1273,1529,1,0,0,C58
1274,1531,0,2,250,F73
1275,1532,1,0,0,C58
1276,1533,0,2,250,F73
1277,1534,0,2,250,F73
1278,1535,1,0,0,C58
1279,1537,0,2,250,F73
1280,1538,1,0,0,C58
1281,1539,0,2,250,F73
1282,1540,0,2,250,F73
1283,1541,1,0,0,C58
1284,1543,0,2,250,F73
1285,1544,1,0,0,C58
1286,1545,0,2,250,F73
1287,1546,0,2,250,F73
1288,1547,1,0,0,C58
1289,1549,0,2,250,F73
1290,1550,1,0,0,C58
1291,1551,0,2,250,F73
1292,1552,0,2,250,F73
1293,1553,1,0,0,C58
1294,1555,0,2,250,F73
1295,1556,1,0,0,C58
1296,1557,0,2,250,F73
1297,1558,0,2,250,F73
1298,1559,1,0,0,C58
1299,1561,0,2,250,F73
1300,1562,1,0,0,C58
1301,1563,0,2,250,F73
1302,1564,0,2,250,F73
1303,1565,1,0,0,C58
1304,1567,0,2,250,F73
1305,1568,1,0,0,C58
1306,1569,0,2,250,F73
1307,1570,0,2,250,F73
1308,1571,1,0,0,C58
1309,1573,0,2,250,F73
1310,1574,1,0,0,C58
1311,1575,0,2,250,F73
1312,1576,0,2,250,F73
1313,1577,1,0,0,C58
1314,1579,0,2,250,F73
1315,1580,1,0,0,C58
1316,1581,0,2,250,F73
1317,1582,0,2,250,F73
1318,1583,1,0,0,C58
1319,1585,0,2,250,F73
1320,1586,1,0,0,C58
1321,1587,0,2,250,F73
1322,1588,0,2,250,F73
1323,1589,1,0,0,C58
1324,1591,0,2,250,F73
1325,1592,1,0,0,C58
1326,1593,0,2,250,F73
1327,1594,0,2,250,F73
1328,1595,1,0,0,C58
1329,1597,0,2,250,F73
1330,1598,1,0,0,C58
1331,1599,0,2,250,F73
1332,1600,0,2,250,F73
1333,1601,1,0,0,C58
1334,1603,0,2,250,F73
1335,1604,1,0,0,C58
1336,1605,0,2,250,F73
1337,1606,0,2,250,F73
1338,1607,1,0,0,C58
1339,1609,0,2,250,F73
1340,1610,1,0,0,C58
1341,1611,0,2,250,F73
1342,1612,0,2,250,F73
1343,1613,1,0,0,C58
1344,1615,0,2,250,F73
1345,1616,1,0,0,C58
1346,1617,0,2,250,F73
1347,1618,0,2,250,F73
1348,1619,1,0,0,C58
1349,1621,0,2,250,F73
1350,1622,1,0,0,C58
1351,1623,0,2,250,F73
1352,1624,0,2,250,F73
1353,1625,1,0,0,C58
1354,1627,0,2,250,F73
1355,1628,1,0,0,C58
1356,1629,0,2,250,F73
1357,1630,0,2,250,F73
1358,1631,1,0,0,C58
1359,1633,0,2,250,F73
1360,1634,1,0,0,C58
1361,1635,0,2,250,F73
1362,1636,0,2,250,F73
1363,1637,1,0,0,C58
1364,1639,0,2,250,F73
1365,1640,1,0,0,C58
1366,1641,0,2,250,F73
1367,1642,0,2,250,F73
1368,1643,1,0,0,C58
1369,1645,0,2,250,F73
1370,1646,1,0,0,C58
1371,1647,0,2,250,F73
1372,1648,0,2,250,F73
1373,1649,1,0,0,C58
1374,1651,0,2,250,F73
1375,1652,1,0,0,C58
1376,1653,0,2,250,F73
1377,1654,0,2,250,F73
1378,1655,1,0,0,C58
1379,1657,0,2,250,F73
1380,1658,1,0,0,C58
1381,1659,0,2,250,F73
1382,1660,0,2,250,F73
1383,1661,1,0,0,C58
1384,1663,0,2,250,F73
1385,1664,1,0,0,C58
1386,1665,0,2,250,F73
1387,1666,1,0,0,C58
1388,1668,0,2,250,F73
1389,1669,1,0,0,C58
1390,1670,0,2,250,F73
1391,1671,0,2,250,F73
1392,1672,1,0,0,C58
1393,1674,0,2,250,F73
1394,1675,1,0,0,C58
1395,1676,0,2,250,F73
1396,1677,0,2,250,F73
1397,1678,1,0,0,C58
1398,1680,0,2,250,F73
1399,1681,1,0,0,C58
1400,1682,0,2,250,F73
1401,1683,0,2,250,F73
1402,1684,1,0,0,C58
1403,1686,0,2,250,F73
1404,1687,1,0,0,C58
1405,1688,0,2,250,F73
1406,1689,0,2,250,F73
1407,1690,1,0,0,C58
1408,1692,0,2,250,F73
1409,1693,1,0,0,C58
1410,1694,0,2,250,F73
1411,1695,0,2,250,F73
1412,1696,1,0,0,C58
1413,1698,0,2,250,F73
1414,1699,1,0,0,C58
1415,1700,0,2,250,F73
1416,1701,0,2,250,F73
1417,1702,1,0,0,C58
1418,1704,0,2,250,F73
1419,1705,1,0,0,C58
1420,1706,0,2,250,F73
1421,1707,0,2,250,F73
1422,1708,1,0,0,C58
1423,1710,0,2,250,F73
1424,1711,1,0,0,C58
1425,1712,0,2,250,F73
1426,1713,0,2,250,F73
1427,1714,1,0,0,C58
1428,1716,0,2,250,F73
1429,1717,1,0,0,C58
1430,1718,0,2,250,F73
1431,1719,0,2,250,F73
1432,1720,1,0,0,C58
1433,1722,0,2,250,F73
1434,1723,1,0,0,C58
1435,1724,0,2,250,F73
1436,1725,0,2,250,F73
1437,1726,1,0,0,C58
1438,1728,0,2,250,F73
1439,1729,1,0,0,C58
1440,1730,0,2,250,F73
1441,1731,0,2,250,F73
1442,1732,1,0,0,C58
1443,1734,0,2,250,F73
1444,1735,1,0,0,C58
1445,1736,0,2,250,F73
1446,1737,0,2,250,F73
1447,1738,1,0,0,C58
1448,1740,0,2,250,F73
1449,1741,1,0,0,C58
1450,1742,0,2,250,F73
1451,1743,0,2,250,F73
1452,1744,1,0,0,C58
1453,1746,0,2,250,F73
1454,1747,1,0,0,C58
1455,1748,0,2,250,F73
1456,1749,0,2,250,F73
1457,1750,1,0,0,C58
1458,1752,0,2,250,F73
1459,1753,1,0,0,C58
1460,1754,0,2,250,F73
1461,1755,0,2,250,F73
1462,1756,1,0,0,C58
1463,1758,0,2,250,F73
1464,1759,1,0,0,C58
1465,1760,0,2,250,F73
1466,1761,0,2,250,F73
1467,1762,1,0,0,C58
1468,1764,0,2,250,F73
1469,1765,1,0,0,C58
1470,1766,0,2,250,F73
1471,1767,0,2,250,F73
1472,1768,1,0,0,C58
1473,1770,0,2,250,F73
1474,1771,1,0,0,C58
1475,1772,0,2,250,F73
1476,1773,0,2,250,F73
1477,1774,1,0,0,C58
1478,1776,0,2,250,F73
1479,1777,1,0,0,C58
1480,1778,0,2,250,F73
1481,1779,0,2,250,F73
1482,1780,1,0,0,C58
1483,1782,0,2,250,F73
1484,1783,1,0,0,C58
1485,1784,0,2,250,F73
1486,1785,0,2,250,F73
1487,1786,1,0,0,C58
1488,1788,0,2,250,F73
1489,1789,1,0,0,C58
1490,1790,0,2,250,F73
1491,1791,0,2,250,F73
1492,1792,1,0,0,C58
1493,1794,0,2,250,F73
1494,1795,1,0,0,C58
1495,1796,0,2,250,F73
1496,1797,0,2,250,F73
1497,1798,1,0,0,C58
1498,1800,0,2,250,F73
1499,1801,1,0,0,C58
1500,1802,0,2,250,F73
1501,1803,0,2,250,F73
1502,1804,1,0,0,C58
1503,1806,0,2,250,F73
1504,1807,1,0,0,C58
1505,1808,0,2,250,F73
1506,1809,0,2,250,F73
1507,1810,1,0,0,C58
1508,1812,0,2,250,F73
1509,1813,1,0,0,C58
1510,1814,0,2,250,F73
1511,1815,0,2,250,F73
1512,1816,1,0,0,C58
1513,1818,0,2,250,F73
1514,1819,1,0,0,C58
1515,1820,0,2,250,F73
1516,1821,0,2,250,F73
1517,1822,1,0,0,C58
1518,1824,0,2,250,F73
1519,1825,1,0,0,C58
1520,1826,0,2,250,F73
1521,1827,0,2,250,F73
1522,1828,1,0,0,C58
1523,1830,0,2,250,F73
1524,1831,1,0,0,C58
1525,1832,0,2,250,F73
1526,1833,0,2,250,F73
1527,1834,1,0,0,C58
1528,1836,0,2,250,F73
1529,1837,1,0,0,C58
1530,1838,0,2,250,F73
1531,1839,0,2,250,F73
1532,1840,1,0,0,C58
1533,1842,0,2,250,F73
1534,1843,1,0,0,C58
1535,1844,0,2,250,F73
1536,1845,0,2,250,F73
1537,1846,1,0,0,C58
1538,1848,0,2,250,F73
1539,1849,1,0,0,C58
1540,1850,0,2,250,F73
1541,1851,0,2,250,F73
1542,1852,1,0,0,C58
1543,1854,0,2,250,F73
1544,1855,1,0,0,C58
1545,1856,0,2,250,F73
1546,1857,0,2,250,F73
1547,1858,1,0,0,C58
1548,1860,0,2,250,F73
1549,1861,1,0,0,C58
1550,1862,0,2,250,F73
1551,1863,0,2,250,F73
1552,1864,1,0,0,C58
1553,1866,0,2,250,F73
1554,1867,1,0,0,C58
1555,1868,0,2,250,F73
1556,1869,0,2,250,F73
1557,1870,1,0,0,C58
1558,1872,0,2,250,F73
1559,1873,1,0,0,C58
1560,1874,0,2,250,F73
1561,1875,0,2,250,F73
1562,1876,1,0,0,C58
1563,1878,0,2,250,F73
1564,1879,1,0,0,C58
1565,1880,0,2,250,F73
1566,1881,0,2,250,F73
1567,1882,1,0,0,C58
1568,1884,0,2,250,F73
1569,1885,1,0,0,C58
1570,1886,0,2,250,F73
1571,1887,0,2,250,F73
1572,1888,1,0,0,C58
1573,1890,0,2,250,F73
1574,1891,1,0,0,C58
1575,1892,0,2,250,F73
1576,1893,0,2,250,F73
1577,1894,1,0,0,C58
1578,1896,0,2,250,F73
1579,1897,1,0,0,C58
1580,1898,0,2,250,F73
1581,1899,0,2,250,F73
1582,1900,1,0,0,C58
1583,1902,0,2,250,F73
1584,1903,1,0,0,C58
1585,1904,0,2,250,F73
1586,1905,0,2,250,F73
1587,1906,1,0,0,C58
1588,1908,0,2,250,F73
1589,1909,1,0,0,C58
1590,1910,0,2,250,F73
1591,1911,0,2,250,F73
1592,1912,1,0,0,C58
1593,1914,0,2,250,F73
1594,1915,1,0,0,C58
1595,1916,0,2,250,F73
1596,1917,0,2,250,F73
1597,1918,1,0,0,C58
1598,1920,0,2,250,F73
1599,1921,1,0,0,C58
1600,1922,0,2,250,F73
1601,1923,0,2,250,F73
1602,1924,1,0,0,C58
1603,1926,0,2,250,F73
1604,1927,1,0,0,C58
1605,1928,0,2,250,F73
1606,1929,0,2,250,F73
1607,1930,1,0,0,C58
1608,1932,0,2,250,F73
1609,1933,1,0,0,C58
1610,1934,0,2,250,F73
1611,1935,0,2,250,F73
1612,1936,1,0,0,C58
1613,1938,0,2,250,F73
1614,1939,1,0,0,C58
1615,1940,0,2,250,F73
1616,1941,0,2,250,F73
1617,1942,1,0,0,C58
1618,1944,0,2,250,F73
1619,1945,1,0,0,C58
1620,1946,0,2,250,F73
1621,1947,0,2,250,F73
1622,1948,1,0,0,C58
1623,1950,0,2,250,F73
1624,1951,1,0,0,C58
1625,1952,0,2,250,F73
1626,1953,0,2,250,F73
1627,1954,1,0,0,C58
1628,1956,0,2,250,F73
1629,1957,1,0,0,C58
1630,1958,0,2,250,F73
1631,1959,0,2,250,F73
1632,1960,1,0,0,C58
1633,1962,0,2,250,F73
1634,1963,1,0,0,C58
1635,1964,0,2,250,F73
1636,1965,0,2,250,F73
1637,1966,1,0,0,C58
1638,1968,0,2,250,F73
1639,1969,1,0,0,C58
1640,1970,0,2,250,F73
1641,1971,0,2,250,F73
1642,1972,1,0,0,C58
1643,1974,0,2,250,F73
1644,1975,1,0,0,C58
1645,1976,0,2,250,F73
1646,1977,0,2,250,F73
1647,1978,1,0,0,C58
1648,1980,0,2,250,F73
1649,1981,1,0,0,C58
1650,1982,0,2,250,F73
1651,1983,0,2,250,F73
1652,1984,1,0,0,C58
1653,1986,0,2,250,F73
1654,1987,1,0,0,C58
1655,1988,0,2,250,F73
1656,1989,0,2,250,F73
1657,1990,1,0,0,C58
1658,1992,0,2,250,F73
1659,1993,1,0,0,C58
1660,1994,0,2,250,F73
1661,1995,0,2,250,F73
1662,1996,1,0,0,C58
1663,1998,0,2,250,F73
1664,1999,1,0,0,C58
1665,2000,0,2,250,F73
1666,2001,0,2,250,F73
1667,2002,1,0,0,C58
1668,2004,0,2,250,F73
1669,2005,1,0,0,C58
1670,2006,0,2,250,F73
1671,2007,0,2,250,F73
1672,2008,1,0,0,C58
1673,2010,0,2,250,F73
1674,2011,1,0,0,C58
1675,2012,0,2,250,F73
1676,2013,0,2,250,F73
1677,2014,1,0,0,C58
1678,2016,0,2,250,F73
1679,2017,1,0,0,C58
1680,2018,0,2,250,F73
1681,2019,0,2,250,F73
1682,2020,1,0,0,C58
1683,2022,0,2,250,F73
1684,2023,1,0,0,C58
1685,2024,0,2,250,F73
1686,2025,0,2,250,F73
1687,2026,1,0,0,C58
1688,2028,0,2,250,F73
1689,2029,1,0,0,C58
1690,2030,0,2,250,F73
1691,2031,0,2,250,F73
1692,2032,1,0,0,C58
1693,2034,0,2,250,F73
1694,2035,1,0,0,C58
1695,2036,0,2,250,F73
1696,2037,0,2,250,F73
1697,2038,1,0,0,C58
1698,2040,0,2,250,F73
1699,2041,1,0,0,C58
1700,2042,0,2,250,F73
1701,2043,0,2,250,F73
1702,2044,1,0,0,C58
1703,2046,0,2,250,F73
1704,2047,1,0,0,C58
1705,2048,0,2,250,F73
1706,2049,0,2,250,F73
1707,2050,1,0,0,C58
1708,2052,0,2,250,F73
1709,2053,1,0,0,C58
1710,2054,0,2,250,F73
1711,2055,0,2,250,F73
1712,2056,1,0,0,C58
1713,2058,0,2,250,F73
1714,2059,1,0,0,C58
1715,2060,0,2,250,F73
1716,2061,0,2,250,F73
1717,2062,1,0,0,C58
1718,2064,0,2,250,F73
1719,2065,1,0,0,C58
1720,2066,0,2,250,F73
1721,2067,0,2,250,F73
1722,2068,1,0,0,C58
1723,2070,0,2,250,F73
1724,2071,1,0,0,C58
1725,2072,0,2,250,F73
1726,2073,0,2,250,F73
1727,2074,1,0,0,C58
1728,2076,0,2,250,F73
1729,2077,1,0,0,C58
1730,2078,0,2,250,F73
1731,2079,0,2,250,F73
1732,2080,1,0,0,C58
1733,2082,0,2,250,F73
1734,2083,1,0,0,C58
1735,2084,0,2,250,F73
1736,2085,0,2,250,F73
1737,2086,1,0,0,C58
1738,2088,0,2,250,F73
1739,2089,1,0,0,C58
1740,2090,0,2,250,F73
1741,2091,1,0,0,C58
1742,2093,0,2,250,F73
1743,2094,1,0,0,C58
1744,2095,0,2,250,F73
1745,2096,0,2,250,F73
1746,2097,1,0,0,C58
1747,2099,0,2,250,F73
1748,2100,1,0,0,C58
1749,2101,0,2,250,F73
1750,2102,0,2,250,F73
1751,2103,1,0,0,C58
1752,2105,0,2,250,F73
1753,2106,1,0,0,C58
1754,2107,0,2,250,F73
1755,2108,0,2,250,F73
1756,2109,1,0,0,C58
1757,2111,0,2,250,F73
1758,2112,1,0,0,C58
1759,2113,0,2,250,F73
1760,2114,0,2,250,F73
1761,2115,1,0,0,C58
1762,2117,0,2,250,F73
1763,2118,1,0,0,C58
1764,2119,0,2,250,F73
1765,2120,0,2,250,F73
1766,2121,1,0,0,C58
1767,2123,0,2,250,F73
1768,2124,1,0,0,C58
1769,2125,0,2,250,F73
1770,2126,0,2,250,F73
1771,2127,1,0,0,C58
1772,2129,0,2,250,F73
1773,2130,1,0,0,C58
1774,2131,0,2,250,F73
1775,2132,0,2,250,F73
1776,2133,1,0,0,C58
1777,2135,0,2,250,F73
1778,2136,1,0,0,C58
1779,2137,0,2,250,F73
1780,2138,0,2,250,F73
1781,2139,1,0,0,C58
1782,2141,0,2,250,F73
1783,2142,1,0,0,C58
1784,2143,0,2,250,F73
1785,2144,0,2,250,F73
1786,2145,1,0,0,C58
1787,2147,0,2,250,F73
1788,2148,1,0,0,C58
1789,2149,0,2,250,F73
1790,2150,0,2,250,F73
1791,2151,1,0,0,C58
1792,2153,0,2,250,F73
1793,2154,1,0,0,C58
1794,2155,0,2,250,F73
1795,2156,0,2,250,F73
1796,2157,1,0,0,C58
1797,2159,0,2,250,F73
1798,2160,1,0,0,C58
1799,2161,0,2,250,F73
1800,2162,0,2,250,F73
1801,2163,1,0,0,C58
1802,2165,0,2,250,F73
1803,2166,1,0,0,C58
1804,2167,0,2,250,F73
1805,2168,0,2,250,F73
1806,2169,1,0,0,C58
1807,2171,0,2,250,F73
1808,2172,1,0,0,C58
1809,2173,0,2,250,F73
1810,2174,0,2,250,F73
1811,2175,1,0,0,C58
1812,2177,0,2,250,F73
1813,2178,1,0,0,C58
1814,2179,0,2,250,F73
1815,2180,0,2,250,F73
1816,2181,1,0,0,C58
1817,2183,0,2,250,F73
1818,2184,1,0,0,C58
1819,2185,0,2,250,F73
1820,2186,0,2,250,F73
1821,2187,1,0,0,C58
1822,2189,0,2,250,F73
1823,2190,1,0,0,C58
1824,2191,0,2,250,F73
1825,2192,0,2,250,F73
1826,2193,1,0,0,C58
1827,2195,0,2,250,F73
1828,2196,1,0,0,C58
1829,2197,0,2,250,F73
1830,2198,0,2,250,F73
1831,2199,1,0,0,C58
1832,2201,0,2,250,F73
1833,2202,1,0,0,C58
1834,2203,0,2,250,F73
1835,2204,0,2,250,F73
1836,2205,1,0,0,C58
1837,2207,0,2,250,F73
1838,2208,1,0,0,C58
1839,2209,0,2,250,F73
1840,2210,0,2,250,F73
1841,2211,1,0,0,C58
1842,2213,0,2,250,F73
1843,2214,1,0,0,C58
1844,2215,0,2,250,F73
1845,2216,0,2,250,F73
1846,2217,1,0,0,C58
1847,2219,0,2,250,F73
1848,2220,1,0,0,C58
1849,2221,0,2,250,F73
1850,2222,0,2,250,F73
1851,2223,1,0,0,C58
1852,2225,0,2,250,F73
1853,2226,1,0,0,C58
1854,2227,0,2,250,F73
1855,2228,0,2,250,F73
1856,2229,1,0,0,C58
1857,2231,0,2,250,F73
1858,2232,1,0,0,C58
1859,2233,0,2,250,F73
1860,2234,0,2,250,F73
1861,2235,1,0,0,C58
1862,2237,0,2,250,F73
1863,2238,1,0,0,C58
1864,2239,0,2,250,F73
1865,2240,0,2,250,F73
1866,2241,1,0,0,C58
1867,2243,0,2,250,F73
1868,2244,1,0,0,C58
1869,2245,0,2,250,F73
1870,2246,0,2,250,F73
1871,2247,1,0,0,C58
1872,2249,0,2,250,F73
1873,2250,1,0,0,C58
1874,2251,0,2,250,F73
1875,2252,0,2,250,F73
1876,2253,1,0,0,C58
1877,2255,0,2,250,F73
1878,2256,1,0,0,C58
1879,2257,0,2,250,F73
1880,2258,0,2,250,F73
1881,2259,1,0,0,C58
1882,2261,0,2,250,F73
1883,2262,1,0,0,C58
1884,2263,0,2,250,F73
1885,2264,0,2,250,F73
1886,2265,1,0,0,C58
1887,2267,0,2,250,F73
1888,2268,1,0,0,C58
1889,2269,0,2,250,F73
1890,2270,0,2,250,F73
1891,2271,1,0,0,C58
1892,2273,0,2,250,F73
1893,2274,1,0,0,C58
1894,2275,0,2,250,F73
1895,2276,0,2,250,F73
1896,2277,1,0,0,C58
1897,2279,0,2,250,F73
1898,2280,1,0,0,C58
1899,2281,0,2,250,F73
1900,2282,0,2,250,F73
1901,2283,1,0,0,C58
1902,2285,0,2,250,F73
1903,2286,1,0,0,C58
1904,2287,0,2,250,F73
1905,2288,0,2,250,F73
1906,2289,1,0,0,C58
1907,2291,0,2,250,F73
1908,2292,1,0,0,C58
1909,2293,0,2,250,F73
1910,2294,0,2,250,F73
1911,2295,1,0,0,C58
1912,2297,0,2,250,F73
1913,2298,1,0,0,C58
1914,2299,0,2,250,F73
1915,2300,0,2,250,F73
1916,2301,1,0,0,C58
1917,2303,0,2,250,F73
1918,2304,1,0,0,C58
1919,2305,0,2,250,F73
1920,2306,0,2,250,F73
1921,2307,1,0,0,C58
1922,2309,0,2,250,F73
1923,2310,1,0,0,C58
1924,2311,0,2,250,F73
1925,2312,0,2,250,F73
1926,2313,1,0,0,C58
1927,2315,0,2,250,F73
1928,2316,1,0,0,C58
1929,2317,0,2,250,F73
1930,2318,0,2,250,F73
1931,2319,1,0,0,C58
1932,2321,0,2,250,F73
1933,2322,1,0,0,C58
1934,2323,0,2,250,F73
1935,2324,0,2,250,F73
1936,2325,1,0,0,C58
1937,2327,0,2,250,F73
1938,2328,1,0,0,C58
1939,2329,0,2,250,F73
1940,2330,0,2,250,F73
1941,2331,1,0,0,C58
1942,2333,0,2,250,F73
1943,2334,1,0,0,C58
1944,2335,0,2,250,F73
1945,2336,0,2,250,F73
1946,2337,1,0,0,C58
1947,2339,0,2,250,F73
1948,2340,1,0,0,C58
1949,2341,0,2,250,F73
1950,2342,0,2,250,F73
1951,2343,1,0,0,C58
1952,2345,0,2,250,F73
1953,2346,1,0,0,C58
1954,2347,0,2,250,F73
1955,2348,0,2,250,F73
1956,2349,1,0,0,C58
1957,2351,0,2,250,F73
1958,2352,1,0,0,C58
1959,2353,0,2,250,F73
1960,2354,0,2,250,F73
1961,2355,1,0,0,C58
1962,2357,0,2,250,F73
1963,2358,1,0,0,C58
1964,2359,0,2,250,F73
1965,2360,0,2,250,F73
1966,2361,1,0,0,C58
1967,2363,0,2,250,F73
1968,2364,1,0,0,C58
1969,2365,0,2,250,F73
1970,2366,0,2,250,F73
1971,2367,1,0,0,C58
1972,2369,0,2,250,F73
1973,2370,1,0,0,C58
1974,2371,0,2,250,F73
1975,2372,0,2,250,F73
1976,2373,1,0,0,C58
1977,2375,0,2,250,F73
1978,2376,1,0,0,C58
1979,2377,0,2,250,F73
1980,2378,0,2,250,F73
1981,2379,1,0,0,C58
1982,2381,0,2,250,F73
1983,2382,1,0,0,C58
1984,2383,0,2,250,F73
1985,2384,0,2,250,F73
1986,2385,1,0,0,C58
1987,2387,0,2,250,F73
1988,2388,1,0,0,C58
1989,2389,0,2,250,F73
1990,2390,0,2,250,F73
1991,2391,1,0,0,C58
1992,2393,0,2,250,F73
1993,2394,1,0,0,C58
1994,2395,0,2,250,F73
1995,2396,0,2,250,F73
1996,2397,1,0,0,C58
1997,2399,0,2,250,F73
1998,2400,1,0,0,C58
1999,2401,0,2,250,F73
2000,2402,0,2,250,F73
2001,2403,1,0,0,C58
2002,2405,0,2,250,F73
2003,2406,1,0,0,C58
2004,2407,0,2,250,F73
2005,2408,0,2,250,F73
2006,2409,1,0,0,C58
2007,2411,0,2,250,F73
2008,2412,1,0,0,C58
2009,2413,0,2,250,F73
2010,2414,0,2,250,F73
2011,2415,1,0,0,C58
2012,2417,0,2,250,F73
2013,2418,1,0,0,C58
2014,2419,0,2,250,F73
2015,2420,0,2,250,F73
2016,2421,1,0,0,C58
2017,2423,0,2,250,F73
2018,2424,1,0,0,C58
2019,2425,0,2,250,F73
2020,2426,0,2,250,F73
2021,2427,1,0,0,C58
2022,2429,0,2,250,F73
2023,2430,1,0,0,C58
2024,2431,0,2,250,F73
2025,2432,0,2,250,F73
2026,2433,1,0,0,C58
2027,2435,0,2,250,F73
2028,2436,1,0,0,C58
2029,2437,0,2,250,F73
2030,2438,0,2,250,F73
2031,2439,1,0,0,C58
2032,2441,0,2,250,F73
2033,2442,1,0,0,C58
2034,2443,0,2,250,F73
2035,2444,0,2,250,F73
2036,2445,1,0,0,C58
2037,2447,0,2,250,F73
2038,2448,1,0,0,C58
2039,2449,0,2,250,F73
2040,2450,0,2,250,F73
2041,2451,1,0,0,C58
2042,2453,0,2,250,F73
2043,2454,1,0,0,C58
2044,2455,0,2,250,F73
2045,2456,0,2,250,F73
2046,2457,1,0,0,C58
2047,2459,0,2,250,F73
2048,2460,1,0,0,C58
2049,2461,0,2,250,F73
2050,2462,0,2,250,F73
2051,2463,1,0,0,C58
2052,2465,0,2,250,F73
2053,2466,1,0,0,C58
2054,2467,0,2,250,F73
2055,2468,0,2,250,F73
2056,2469,1,0,0,C58
2057,2471,0,2,250,F73
2058,2472,1,0,0,C58
2059,2473,0,2,250,F73
2060,2474,0,2,250,F73
2061,2475,1,0,0,C58
2062,2477,0,2,250,F73
2063,2478,1,0,0,C58
2064,2479,0,2,250,F73
2065,2480,0,2,250,F73
2066,2481,1,0,0,C58
2067,2483,0,2,250,F73
2068,2484,1,0,0,C58
2069,2485,0,2,250,F73
2070,2486,0,2,250,F73
2071,2487,1,0,0,C58
2072,2489,0,2,250,F73
2073,2490,1,0,0,C58
2074,2491,0,2,250,F73
2075,2492,0,2,250,F73
2076,2493,1,0,0,C58
2077,2495,0,2,250,F73
2078,2496,1,0,0,C58
2079,2497,0,2,250,F73
2080,2498,0,2,250,F73
2081,2499,1,0,0,C58
2082,2501,0,2,250,F73
2083,2502,1,0,0,C58
2084,2503,0,2,250,F73
2085,2504,0,2,250,F73
2086,2505,1,0,0,C58
2087,2507,0,2,250,F73
2088,2508,1,0,0,C58
2089,2509,0,2,250,F73
2090,2510,0,2,250,F73
2091,2511,1,0,0,C58
2092,2513,0,2,250,F73
2093,2514,1,0,0,C58
2094,2515,0,2,250,F73
2095,2516,1,0,0,C58
2096,2518,0,2,250,F73
2097,2519,1,0,0,C58
2098,2520,0,2,250,F73
2099,2521,0,2,250,F73
2100,2522,1,0,0,C58
2101,2524,0,2,250,F73
2102,2525,1,0,0,C58
2103,2526,0,2,250,F73
2104,2527,0,2,250,F73
2105,2528,1,0,0,C58
2106,2530,0,2,250,F73
2107,2531,1,0,0,C58
2108,2532,0,2,250,F73
2109,2533,0,2,250,F73
2110,2534,1,0,0,C58
2111,2536,0,2,250,F73
2112,2537,1,0,0,C58
2113,2538,0,2,250,F73
2114,2539,0,2,250,F73
2115,2540,1,0,0,C58
2116,2542,0,2,250,F73
2117,2543,1,0,0,C58
2118,2544,0,2,250,F73
2119,2545,0,2,250,F73
2120,2546,1,0,0,C58
2121,2548,0,2,250,F73
2122,2549,1,0,0,C58
2123,2550,0,2,250,F73
2124,2551,0,2,250,F73
2125,2552,1,0,0,C58
2126,2554,0,2,250,F73
2127,2555,1,0,0,C58
2128,2556,0,2,250,F73
2129,2557,0,2,250,F73
2130,2558,1,0,0,C58
2131,2560,0,2,250,F73
2132,2561,1,0,0,C58
2133,2562,0,2,250,F73
2134,2563,0,2,250,F73
2135,2564,1,0,0,C58
2136,2566,0,2,250,F73
2137,2567,1,0,0,C58
2138,2568,0,2,250,F73
2139,2569,0,2,250,F73
2140,2570,1,0,0,C58
2141,2572,0,2,250,F73
2142,2573,1,0,0,C58
2143,2574,0,2,250,F73
2144,2575,0,2,250,F73
2145,2576,1,0,0,C58
2146,2578,0,2,250,F73
2147,2579,1,0,0,C58
2148,2580,0,2,250,F73
2149,2581,0,2,250,F73
2150,2582,1,0,0,C58
2151,2584,0,2,250,F73
2152,2585,1,0,0,C58
2153,2586,0,2,250,F73
2154,2587,0,2,250,F73
2155,2588,1,0,0,C58
2156,2590,0,2,250,F73
2157,2591,1,0,0,C58
2158,2592,0,2,250,F73
2159,2593,0,2,250,F73
2160,2594,1,0,0,C58
2161,2596,0,2,250,F73
2162,2597,1,0,0,C58
2163,2598,0,2,250,F73
2164,2599,0,2,250,F73
2165,2600,1,0,0,C58
2166,2602,0,2,250,F73
2167,2603,1,0,0,C58
2168,2604,0,2,250,F73
2169,2605,0,2,250,F73
2170,2606,1,0,0,C58
2171,2608,0,2,250,F73
2172,2609,1,0,0,C58
2173,2610,0,2,250,F73
2174,2611,0,2,250,F73
2175,2612,1,0,0,C58
2176,2614,0,2,250,F73
2177,2615,1,0,0,C58
2178,2616,0,2,250,F73
2179,2617,0,2,250,F73
2180,2618,1,0,0,C58
2181,2620,0,2,250,F73
2182,2621,1,0,0,C58
2183,2622,0,2,250,F73
2184,2623,0,2,250,F73
2185,2624,1,0,0,C58
2186,2626,0,2,250,F73
2187,2627,1,0,0,C58
2188,2628,0,2,250,F73
2189,2629,0,2,250,F73
2190,2630,1,0,0,C58
2191,2632,0,2,250,F73
2192,2633,1,0,0,C58
2193,2634,0,2,250,F73
2194,2635,0,2,250,F73
2195,2636,1,0,0,C58
2196,2638,0,2,250,F73
2197,2639,1,0,0,C58
2198,2640,0,2,250,F73
2199,2641,0,2,250,F73
2200,2642,1,0,0,C58
2201,2644,0,2,250,F73
2202,2645,1,0,0,C58
2203,2646,0,2,250,F73
2204,2647,0,2,250,F73
2205,2648,1,0,0,C58
2206,2650,0,2,250,F73
2207,2651,1,0,0,C58
2208,2652,0,2,250,F73
2209,2653,0,2,250,F73
2210,2654,1,0,0,C58
2211,2656,0,2,250,F73
2212,2657,1,0,0,C58
2213,2658,0,2,250,F73
2214,2659,0,2,250,F73
2215,2660,1,0,0,C58
2216,2662,0,2,250,F73
2217,2663,1,0,0,C58
2218,2664,0,2,250,F73
2219,2665,0,2,250,F73
2220,2666,1,0,0,C58
2221,2668,0,2,250,F73
2222,2669,1,0,0,C58
2223,2670,0,2,250,F73
2224,2671,0,2,250,F73
2225,2672,1,0,0,C58
2226,2674,0,2,250,F73
2227,2675,1,0,0,C58
2228,2676,0,2,250,F73
2229,2677,0,2,250,F73
2230,2678,1,0,0,C58
2231,2680,0,2,250,F73
2232,2681,1,0,0,C58
2233,2682,0,2,250,F73
2234,2683,0,2,250,F73
2235,2684,1,0,0,C58
2236,2686,0,2,250,F73
2237,2687,1,0,0,C58
2238,2688,0,2,250,F73
2239,2689,0,2,250,F73
2240,2690,1,0,0,C58
2241,2692,0,2,250,F73
2242,2693,1,0,0,C58
2243,2694,0,2,250,F73
2244,2695,0,2,250,F73
2245,2696,1,0,0,C58
2246,2698,0,2,250,F73
2247,2699,1,0,0,C58
2248,2700,0,2,250,F73
2249,2701,0,2,250,F73
2250,2702,1,0,0,C58
2251,2704,0,2,250,F73
2252,2705,1,0,0,C58
2253,2706,0,2,250,F73
2254,2707,0,2,250,F73
2255,2708,1,0,0,C58
2256,2710,0,2,250,F73
2257,2711,1,0,0,C58
2258,2712,0,2,250,F73
2259,2713,0,2,250,F73
2260,2714,1,0,0,C58
2261,2716,0,2,250,F73
2262,2717,1,0,0,C58
2263,2718,0,2,250,F73
2264,2719,0,2,250,F73
2265,2720,1,0,0,C58
2266,2722,0,2,250,F73
2267,2723,1,0,0,C58
2268,2724,0,2,250,F73
2269,2725,0,2,250,F73
2270,2726,1,0,0,C58
2271,2728,0,2,250,F73
2272,2729,1,0,0,C58
2273,2730,0,2,250,F73
2274,2731,0,2,250,F73
2275,2732,1,0,0,C58
2276,2734,0,2,250,F73
2277,2735,1,0,0,C58
2278,2736,0,2,250,F73
2279,2737,0,2,250,F73
2280,2738,1,0,0,C58
2281,2740,0,2,250,F73
2282,2741,1,0,0,C58
2283,2742,0,2,250,F73
2284,2743,0,2,250,F73
2285,2744,1,0,0,C58
2286,2746,0,2,250,F73
2287,2747,1,0,0,C58
2288,2748,0,2,250,F73
2289,2749,0,2,250,F73
2290,2750,1,0,0,C58
2291,2752,0,2,250,F73
2292,2753,1,0,0,C58
2293,2754,0,2,250,F73
2294,2755,0,2,250,F73
2295,2756,1,0,0,C58
2296,2758,0,2,250,F73
2297,2759,1,0,0,C58
2298,2760,0,2,250,F73
2299,2761,0,2,250,F73
2300,2762,1,0,0,C58
2301,2764,0,2,250,F73
2302,2765,1,0,0,C58
2303,2766,0,2,250,F73
2304,2767,0,2,250,F73
2305,2768,1,0,0,C58
2306,2770,0,2,250,F73
2307,2771,1,0,0,C58
2308,2772,0,2,250,F73
2309,2773,0,2,250,F73
2310,2774,1,0,0,C58
2311,2776,0,2,250,F73
2312,2777,1,0,0,C58
2313,2778,0,2,250,F73
2314,2779,0,2,250,F73
2315,2780,1,0,0,C58
2316,2782,0,2,250,F73
2317,2783,1,0,0,C58
2318,2784,0,2,250,F73
2319,2785,0,2,250,F73
2320,2786,1,0,0,C58
2321,2788,0,2,250,F73
2322,2789,1,0,0,C58
2323,2790,0,2,250,F73
2324,2791,0,2,250,F73
2325,2792,1,0,0,C58
2326,2794,0,2,250,F73
2327,2795,1,0,0,C58
2328,2796,0,2,250,F73
2329,2797,0,2,250,F73
2330,2798,1,0,0,C58
2331,2800,0,2,250,F73
2332,2801,1,0,0,C58
2333,2802,0,2,250,F73
2334,2803,0,2,250,F73
2335,2804,1,0,0,C58
2336,2806,0,2,250,F73
2337,2807,1,0,0,C58
2338,2808,0,2,250,F73
2339,2809,0,2,250,F73
2340,2810,1,0,0,C58
2341,2812,0,2,250,F73
2342,2813,1,0,0,C58
2343,2814,0,2,250,F73
2344,2815,0,2,250,F73
2345,2816,1,0,0,C58
2346,2818,0,2,250,F73
2347,2819,1,0,0,C58
2348,2820,0,2,250,F73
2349,2821,0,2,250,F73
2350,2822,1,0,0,C58
2351,2824,0,2,250,F73
2352,2825,1,0,0,C58
2353,2826,0,2,250,F73
2354,2827,0,2,250,F73
2355,2828,1,0,0,C58
2356,2830,0,2,250,F73
2357,2831,1,0,0,C58
2358,2832,0,2,250,F73
2359,2833,0,2,250,F73
2360,2834,1,0,0,C58
2361,2836,0,2,250,F73
2362,2837,1,0,0,C58
2363,2838,0,2,250,F73
2364,2839,0,2,250,F73
2365,2840,1,0,0,C58
2366,2842,0,2,250,F73
2367,2843,1,0,0,C58
2368,2844,0,2,250,F73
2369,2845,0,2,250,F73
2370,2846,1,0,0,C58
2371,2848,0,2,250,F73
2372,2849,1,0,0,C58
2373,2850,0,2,250,F73
2374,2851,0,2,250,F73
2375,2852,1,0,0,C58
2376,2854,0,2,250,F73
2377,2855,1,0,0,C58
2378,2856,0,2,250,F73
2379,2857,0,2,250,F73
2380,2858,1,0,0,C58
2381,2860,0,2,250,F73
2382,2861,1,0,0,C58
2383,2862,0,2,250,F73
2384,2863,0,2,250,F73
2385,2864,1,0,0,C58
2386,2866,0,2,250,F73
2387,2867,1,0,0,C58
2388,2868,0,2,250,F73
2389,2869,0,2,250,F73
2390,2870,1,0,0,C58
2391,2872,0,2,250,F73
2392,2873,1,0,0,C58
2393,2874,0,2,250,F73
2394,2875,1,0,0,C58
2395,2877,0,2,250,F73
2396,2878,1,0,0,C58
2397,2879,0,2,250,F73
2398,2880,0,2,250,F73
2399,2881,1,0,0,C58
2400,2883,0,2,250,F73
2401,2884,1,0,0,C58
2402,2885,0,2,250,F73
2403,2886,0,2,250,F73
2404,2887,1,0,0,C58
2405,2889,0,2,250,F73
2406,2890,1,0,0,C58
2407,2891,0,2,250,F73
2408,2892,0,2,250,F73
2409,2893,1,0,0,C58
2410,2895,0,2,250,F73
2411,2896,1,0,0,C58
2412,2897,0,2,250,F73
2413,2898,0,2,250,F73
2414,2899,1,0,0,C58
2415,2901,0,2,250,F73
2416,2902,1,0,0,C58
2417,2903,0,2,250,F73
2418,2904,0,2,250,F73
2419,2905,1,0,0,C58
2420,2907,0,2,250,F73
2421,2908,1,0,0,C58
2422,2909,0,2,250,F73
2423,2910,0,2,250,F73
2424,2911,1,0,0,C58
2425,2913,0,2,250,F73
2426,2914,1,0,0,C58
2427,2915,0,2,250,F73
2428,2916,0,2,250,F73
2429,2917,1,0,0,C58
2430,2919,0,2,250,F73
2431,2920,1,0,0,C58
2432,2921,0,2,250,F73
2433,2922,0,2,250,F73
2434,2923,1,0,0,C58
2435,2925,0,2,250,F73
2436,2926,1,0,0,C58
2437,2927,0,2,250,F73
2438,2928,0,2,250,F73
2439,2929,1,0,0,C58
2440,2931,0,2,250,F73
2441,2932,1,0,0,C58
2442,2933,0,2,250,F73
2443,2934,0,2,250,F73
2444,2935,1,0,0,C58
2445,2937,0,2,250,F73
2446,2938,1,0,0,C58
2447,2939,0,2,250,F73
2448,2940,0,2,250,F73
2449,2941,1,0,0,C58
2450,2943,0,2,250,F73
2451,2944,1,0,0,C58
2452,2945,0,2,250,F73
2453,2946,0,2,250,F73
2454,2947,1,0,0,C58
2455,2949,0,2,250,F73
2456,2950,1,0,0,C58
2457,2951,0,2,250,F73
2458,2952,0,2,250,F73
2459,2953,1,0,0,C58
2460,2955,0,2,250,F73
2461,2956,1,0,0,C58
2462,2957,0,2,250,F73
2463,2958,0,2,250,F73
2464,2959,1,0,0,C58
2465,2961,0,2,250,F73
2466,2962,1,0,0,C58
2467,2963,0,2,250,F73
2468,2964,0,2,250,F73
2469,2965,1,0,0,C58
2470,2967,0,2,250,F73
2471,2968,1,0,0,C58
2472,2969,0,2,250,F73
2473,2970,0,2,250,F73
2474,2971,1,0,0,C58
2475,2973,0,2,250,F73
2476,2974,1,0,0,C58
2477,2975,0,2,250,F73
2478,2976,0,2,250,F73
2479,2977,1,0,0,C58
2480,2979,0,2,250,F73
2481,2980,1,0,0,C58
2482,2981,0,2,250,F73
2483,2982,0,2,250,F73
2484,2983,1,0,0,C58
2485,2985,0,2,250,F73
2486,2986,1,0,0,C58
2487,2987,0,2,250,F73
2488,2988,0,2,250,F73
2489,2989,1,0,0,C58
2490,2991,0,2,250,F73
2491,2992,1,0,0,C58
2492,2993,0,2,250,F73
2493,2994,0,2,250,F73
2494,2995,1,0,0,C58
2495,2997,0,2,250,F73
2496,2998,1,0,0,C58
2497,2999,0,2,250,F73
2498,3000,0,2,250,F73
2499,3001,1,0,0,C58
2500,3003,0,2,250,F73
2501,3004,1,0,0,C58
2502,3005,0,2,250,F73
2503,3006,0,2,250,F73
2504,3007,1,0,0,C58
2505,3009,0,2,250,F73
2506,3010,1,0,0,C58
2507,3011,0,2,250,F73
2508,3012,0,2,250,F73
2509,3013,1,0,0,C58
2510,3015,0,2,250,F73
2511,3016,1,0,0,C58
2512,3017,0,2,250,F73
2513,3018,0,2,250,F73
2514,3019,1,0,0,C58
2515,3021,0,2,250,F73
2516,3022,1,0,0,C58
2517,3023,0,2,250,F73
2518,3024,0,2,250,F73
2519,3025,1,0,0,C58
2520,3027,0,2,250,F73
2521,3028,1,0,0,C58
2522,3029,0,2,250,F73
2523,3030,0,2,250,F73
2524,3031,1,0,0,C58
2525,3033,0,2,250,F73
2526,3034,1,0,0,C58
2527,3035,0,2,250,F73
2528,3036,0,2,250,F73
2529,3037,1,0,0,C58
2530,3039,0,2,250,F73
2531,3040,1,0,0,C58
2532,3041,0,2,250,F73
2533,3042,0,2,250,F73
2534,3043,1,0,0,C58
2535,3045,0,2,250,F73
2536,3046,1,0,0,C58
2537,3047,0,2,250,F73
2538,3048,0,2,250,F73
2539,3049,1,0,0,C58
2540,3051,0,2,250,F73
2541,3052,1,0,0,C58
2542,3053,0,2,250,F73
2543,3054,0,2,250,F73
2544,3055,1,0,0,C58
2545,3057,0,2,250,F73
2546,3058,1,0,0,C58
2547,3059,0,2,250,F73
2548,3060,0,2,250,F73
2549,3061,1,0,0,C58
2550,3063,0,2,250,F73
2551,3064,1,0,0,C58
2552,3065,0,2,250,F73
2553,3066,0,2,250,F73
2554,3067,1,0,0,C58
2555,3069,0,2,250,F73
2556,3070,1,0,0,C58
2557,3071,0,2,250,F73
2558,3072,0,2,250,F73
2559,3073,1,0,0,C58
2560,3075,0,2,250,F73
2561,3076,1,0,0,C58
2562,3077,0,2,250,F73
2563,3078,0,2,250,F73
2564,3079,1,0,0,C58
2565,3081,0,2,250,F73
2566,3082,1,0,0,C58
2567,3083,0,2,250,F73
2568,3084,0,2,250,F73
2569,3085,1,0,0,C58
2570,3087,0,2,250,F73
2571,3088,1,0,0,C58
2572,3089,0,2,250,F73
2573,3090,0,2,250,F73
2574,3091,1,0,0,C58
2575,3093,0,2,250,F73
2576,3094,1,0,0,C58
2577,3095,0,2,250,F73
2578,3096,0,2,250,F73
2579,3097,1,0,0,C58
2580,3099,0,2,250,F73
2581,3100,1,0,0,C58
2582,3101,0,2,250,F73
2583,3102,0,2,250,F73
2584,3103,1,0,0,C58
2585,3105,0,2,250,F73
2586,3106,1,0,0,C58
2587,3107,0,2,250,F73
2588,3108,0,2,250,F73
2589,3109,1,0,0,C58
2590,3111,0,2,250,F73
2591,3112,1,0,0,C58
2592,3113,0,2,250,F73
2593,3114,0,2,250,F73
2594,3115,1,0,0,C58
2595,3117,0,2,250,F73
2596,3118,1,0,0,C58
2597,3119,0,2,250,F73
2598,3120,0,2,250,F73
2599,3121,1,0,0,C58
2600,3123,0,2,250,F73
2601,3124,1,0,0,C58
2602,3125,0,2,250,F73
2603,3126,0,2,250,F73
2604,3127,1,0,0,C58
2605,3129,0,2,250,F73
2606,3130,1,0,0,C58
2607,3131,0,2,250,F73
2608,3132,0,2,250,F73
2609,3133,1,0,0,C58
2610,3135,0,2,250,F73
2611,3136,1,0,0,C58
2612,3137,0,2,250,F73
2613,3138,0,2,250,F73
2614,3139,1,0,0,C58
2615,3141,0,2,250,F73
2616,3142,1,0,0,C58
2617,3143,0,2,250,F73
2618,3144,0,2,250,F73
2619,3145,1,0,0,C58
2620,3147,0,2,250,F73
2621,3148,1,0,0,C58
2622,3149,0,2,250,F73
2623,3150,0,2,250,F73
2624,3151,1,0,0,C58
2625,3153,0,2,250,F73
2626,3154,1,0,0,C58
2627,3155,0,2,250,F73
2628,3156,0,2,250,F73
2629,3157,1,0,0,C58
2630,3159,0,2,250,F73
2631,3160,1,0,0,C58
2632,3161,0,2,250,F73
2633,3162,0,2,250,F73
2634,3163,1,0,0,C58
2635,3165,0,2,250,F73
2636,3167,1,0,0,C58
2637,3168,0,2,250,F73
2638,3169,0,2,250,F73
2639,3170,1,0,0,C58
2640,3173,0,2,250,F73
2641,3174,1,0,0,C58
2642,3175,0,2,250,F73
2643,3177,0,2,250,F73
2644,3178,1,0,0,C58
2645,3182,0,2,250,F73
2646,3185,1,0,0,C58
2647,3186,0,2,250,F73
2648,3189,0,2,250,F73
2649,3191,1,0,0,C58
2650,3194,0,2,250,F73
2651,3196,1,0,0,C58
2652,3199,0,2,250,F73
2653,3200,0,2,250,F73
2654,3201,1,0,0,C58
2655,3204,0,2,250,F73
2656,3206,1,0,0,C58
2657,3207,0,2,250,F73
2658,3210,0,2,250,F73
2659,3211,1,0,0,C58
2660,3215,0,2,250,F73
2661,3216,1,0,0,C58
2662,3219,0,2,250,F73
2663,3220,0,2,250,F73
2664,3223,1,0,0,C58
2665,3226,1,0,0,C58
2666,3227,0,2,250,F73
2667,3229,0,2,250,F73
2668,3231,0,2,250,F73
2669,3232,1,0,0,C58
2670,3235,0,2,250,F73
2671,3236,1,0,0,C58
2672,3238,0,2,250,F73
2673,3239,0,2,250,F73
2674,3242,1,0,0,C58
2675,3245,0,2,250,F73
2676,3246,1,0,0,C58
2677,3248,0,2,250,F73
2678,3250,0,2,250,F73
2679,3251,1,0,0,C58
2680,3255,0,2,250,F73
2681,3258,1,0,0,C58
2682,3259,0,2,250,F73
2683,3261,0,2,250,F73
2684,3263,1,0,0,C58
2685,3266,0,2,250,F73
2686,3267,1,0,0,C58
2687,3270,0,2,250,F73
2688,3271,0,2,250,F73
2689,3273,1,0,0,C58
2690,3276,0,2,250,F73
2691,3279,1,0,0,C58
2692,3280,0,2,250,F73
2693,3282,0,2,250,F73
2694,3283,1,0,0,C58
2695,3287,0,2,250,F73
2696,3288,1,0,0,C58
2697,3291,0,2,250,F73
2698,3292,0,2,250,F73
2699,3295,1,0,0,C58
2700,3298,0,2,250,F73
2701,3299,1,0,0,C58
2702,3302,0,2,250,F73
2703,3303,0,2,250,F73
2704,3306,1,0,0,C58
2705,3310,0,2,250,F73
2706,3311,1,0,0,C58
2707,3314,0,2,250,F73
2708,3315,0,2,250,F73
2709,3317,1,0,0,C58
2710,3320,0,2,250,F73
2711,3323,1,0,0,C58
2712,3324,0,2,250,F73
2713,3327,0,2,250,F73
2714,3328,1,0,0,C58
2715,3331,0,2,250,F73
2716,3333,1,0,0,C58
2717,3334,0,2,250,F73
2718,3336,0,2,250,F73
2719,3337,1,0,0,C58
2720,3341,0,2,250,F73
2721,3344,1,0,0,C58
2722,3345,0,2,250,F73
2723,3347,0,2,250,F73
2724,3349,1,0,0,C58
2725,3353,0,2,250,F73
2726,3354,1,0,0,C58
2727,3357,0,2,250,F73
2728,3358,0,2,250,F73
2729,3360,1,0,0,C58
2730,3364,0,2,250,F73
2731,3365,1,0,0,C58
2732,3368,0,2,250,F73
2733,3369,0,2,250,F73
2734,3371,1,0,0,C58
2735,3374,0,2,250,F73
2736,3376,1,0,0,C58
2737,3377,0,2,250,F73
2738,3379,0,2,250,F73
2739,3380,1,0,0,C58
2740,3384,0,2,250,F73
2741,3385,1,0,0,C58
2742,3388,0,2,250,F73
2743,3389,0,2,250,F73
2744,3391,1,0,0,C58
2745,3395,0,2,250,F73
2746,3396,1,0,0,C58
2747,3398,0,2,250,F73
2748,3399,1,0,0,C58
2749,3403,0,2,250,F73
2750,3406,1,0,0,C58
2751,3407,0,2,250,F73
2752,3410,0,2,250,F73
2753,3411,1,0,0,C58
2754,3415,0,2,250,F73
2755,3416,1,0,0,C58
2756,3418,0,2,250,F73
2757,3419,0,2,250,F73
2758,3421,1,0,0,C58
2759,3424,0,2,250,F73
2760,3425,1,0,0,C58
2761,3428,0,2,250,F73
2762,3429,0,2,250,F73
2763,3431,1,0,0,C58
2764,3432,1,0,0,C58
2765,3437,0,2,250,F73
2766,3438,1,0,0,C58
2767,3441,0,2,250,F73
2768,3443,0,2,250,F73
2769,3445,1,0,0,C58
2770,3449,0,2,250,F73
2771,3450,1,0,0,C58
2772,3452,0,2,250,F73
2773,3453,0,2,250,F73
2774,3455,1,0,0,C58
2775,3458,0,2,250,F73
2776,3459,1,0,0,C58
2777,3462,0,2,250,F73
2778,3463,0,2,250,F73
2779,3465,1,0,0,C58
2780,3468,0,2,250,F73
2781,3470,1,0,0,C58
2782,3471,0,2,250,F73
2783,3473,0,2,250,F73
2784,3474,1,0,0,C58
2785,3478,0,2,250,F73
2786,3479,1,0,0,C58
2787,3481,0,2,250,F73
2788,3482,0,2,250,F73
2789,3485,1,0,0,C58
2790,3489,0,2,250,F73
2791,3490,1,0,0,C58
2792,3492,0,2,250,F73
2793,3494,0,2,250,F73
2794,3495,1,0,0,C58
2795,3499,0,2,250,F73
2796,3502,1,0,0,C58
2797,3503,0,2,250,F73
2798,3506,0,2,250,F73
2799,3507,1,0,0,C58
2800,3511,0,2,250,F73
2801,3512,1,0,0,C58
2802,3513,1,0,0,C58
2803,3515,0,2,250,F73
2804,3516,0,2,250,F73
2805,3518,1,0,0,C58
2806,3521,0,2,250,F73
2807,3522,1,0,0,C58
2808,3523,0,2,250,F73
2809,3525,0,2,250,F73
2810,3526,1,0,0,C58
2811,3530,0,2,250,F73
2812,3533,1,0,0,C58
2813,3534,0,2,250,F73
2814,3536,0,2,250,F73
2815,3538,1,0,0,C58
2816,3542,0,2,250,F73
2817,3543,1,0,0,C58
2818,3545,0,2,250,F73
2819,3548,0,2,250,F73
2820,3549,1,0,0,C58
2821,3553,0,2,250,F73
2822,3556,1,0,0,C58
2823,3557,0,2,250,F73
2824,3560,0,2,250,F73
2825,3561,1,0,0,C58
2826,3565,0,2,250,F73
2827,3566,1,0,0,C58
2828,3569,0,2,250,F73
2829,3570,0,2,250,F73
2830,3573,1,0,0,C58
2831,3578,1,0,0,C58
2832,3581,0,2,250,F73
2833,3583,0,2,250,F73
2834,3585,1,0,0,C58
2835,3589,0,2,250,F73
2836,3590,1,0,0,C58
2837,3592,0,2,250,F73
2838,3593,0,2,250,F73
2839,3596,1,0,0,C58
2840,3600,0,2,250,F73
2841,3601,1,0,0,C58
2842,3603,0,2,250,F73
2843,3605,0,2,250,F73
2844,3606,1,0,0,C58
2845,3610,0,2,250,F73
2846,3611,1,0,0,C58
2847,3614,0,2,250,F73
2848,3616,0,2,250,F73
2849,3618,1,0,0,C58
2850,3622,0,2,250,F73
2851,3623,1,0,0,C58
2852,3625,0,2,250,F73
2853,3627,0,2,250,F73
2854,3628,1,0,0,C58
2855,3632,0,2,250,F73
2856,3635,1,0,0,C58
2857,3636,0,2,250,F73
2858,3638,0,2,250,F73
2859,3639,1,0,0,C58
2860,3642,0,2,250,F73
2861,3643,1,0,0,C58
2862,3646,0,2,250,F73
2863,3647,0,2,250,F73
2864,3650,1,0,0,C58
2865,3653,0,2,250,F73
2866,3655,1,0,0,C58
2867,3656,0,2,250,F73
2868,3659,0,2,250,F73
2869,3660,1,0,0,C58
2870,3664,0,2,250,F73
2871,3665,1,0,0,C58
2872,3667,0,2,250,F73
2873,3668,0,2,250,F73
2874,3669,1,0,0,C58
2875,3671,0,2,250,F73
2876,3672,1,0,0,C58
2877,3673,0,2,250,F73
2878,3674,0,2,250,F73
2879,3675,1,0,0,C58
2880,3677,0,2,250,F73
2881,3678,1,0,0,C58
2882,3679,0,2,250,F73
2883,3680,0,2,250,F73
2884,3681,1,0,0,C58
2885,3683,0,2,250,F73
2886,3684,1,0,0,C58
2887,3685,0,2,250,F73
2888,3686,0,2,250,F73
